station,lat,long,jan,feb,mar,apr,may,jun,jul,aug,sep,oct,nov,dic,annual,,,
21010040,1.961472222,-76.08569444,68.15909091,104.625,114.0068182,140.5454545,143.9659091,140.6136364,129,99.19318182,88.59090909,110.9090909,115.6818182,93.04545455,112.3613636,,,
21010050,1.931583333,-76.21491667,77.95875,103.72625,128.94125,131.34375,139.65875,135.22375,128.60625,110.58125,75.58125,122.07125,134.225,106.7675,116.22375,,,
21010060,2.020833333,-76.17213889,102.0181818,129.3125,154.8704545,178.4772727,179.75,180.0681818,177.4886364,130.4659091,105.4272727,155.4613636,179.8613636,135.2159091,150.7014205,,,
21010110,1.844916667,-76.07441667,51.88409091,89.76136364,115.5954545,131.2602273,147.2545455,146.4295455,132.8295455,102.4931818,90.31818182,102.1636364,107.0136364,81.90681818,108.2425189,,,
21010130,1.810388889,-76.24669444,90.55263158,99.96052632,154.0657895,192.6289474,200.4605263,196.6710526,172.6184211,140.4210526,110.7894737,153.8289474,155.4210526,117.7368421,148.7629386,,,
21010140,1.864388889,-76.36083333,101.2289474,129.9736842,165.5,184.8684211,214.9,226.8157895,211.6447368,179.25,133.9473684,169.5526316,152.2631579,130.8815789,166.7355263,,,
21010170,1.901388889,-76.1725,89.59411765,115.1029412,131.3852941,164.2882353,161.3117647,160.3176471,164.7529412,123.5,106.7205882,138.0294118,149.1970588,117.3235294,135.1269608,,,
21010180,1.695277778,-76.15522222,86.87272727,99.21515152,151.8454545,200.480303,218.5015152,210.4393939,187.4272727,171.6909091,139.3848485,128.6242424,119.3575758,118.1818182,152.6684343,,,
21010190,1.848944444,-76.24972222,78.18088235,100.7470588,121.2794118,160.3411765,173.6823529,192.7294118,171.2029412,136.4323529,97.91176471,122.8676471,122.3470588,103.1029412,131.7354167,,,
21010200,1.850305556,-76.31755556,88.82352941,124.6911765,137.2794118,192.8823529,203.2205882,205.6176471,220.3970588,144.7411765,123.2941176,142.7058824,133.0588235,121.9264706,153.2198529,,,
21010210,1.713805556,-76.18891667,121.8264706,143.3264706,170.2647059,213.6764706,222.5,236.6176471,202.7941176,180.9705882,141.0294118,173.8088235,162.6176471,128.5029412,174.8279412,,,
21010220,2.065888889,-76.185,126.2941176,178.2941176,184.3823529,206.4852941,191.2941176,226.8382353,226.1102941,171.5,124.6470588,218.1911765,214.0588235,163.8529412,185.9957108,,,
21010230,1.905805556,-76.30425,84.36818182,108.5681818,116.1575758,129.4454545,138.3378788,137.4651515,136.7545455,104.9181818,81.62272727,114.7393939,121.3090909,123.3954545,116.4234848,,,
21010250,1.977805556,-76.25352778,96.87058824,114.9867647,134.2558824,142.1058824,148.7102941,157.4044118,162.6323529,98.11470588,80.59411765,120.6235294,149.9955882,109.6852941,126.3316176,,,
21015020,1.824833333,-76.13027778,55.15232558,76.11162791,102.3197674,132.8709302,137.7604651,137.1988372,126.5546512,95.42209302,81.96511628,92.68953488,91.5744186,78.32674419,100.6622093,,,
21015030,1.888472222,-76.29497222,74.67674419,100.9139535,122.6813953,138.0151163,143.6302326,147.8465116,136.6744186,108.6651163,90.89651163,112.1395349,139.727907,106.1116279,118.4982558,,,
21020040,2.017138889,-75.90722222,66.64705882,97.58823529,115.2647059,137.3529412,123.7647059,84.17647059,76.58823529,54.04411765,62.95588235,100.5735294,127.8970588,77.27941176,93.67769608,,,
21020050,1.984222222,-76.01375,75.2,101.9857143,136.5285714,148.3285714,156.9,117.7142857,118.8571429,79.51428571,84.75714286,111.4557143,139.0714286,88.85714286,113.2641667,,,
21030050,2.02625,-75.77536111,63.06818182,102.9886364,113.8977273,113.3295455,119.5568182,97.94318182,86.82954545,66.80681818,70,99.54545455,129.5,78.86363636,95.19412879,,,
21030060,1.714277778,-76.02208333,71.81818182,100.8636364,150.1818182,187.7534091,228.8204545,250.4590909,248.4647727,221.9068182,176.3818182,136.0931818,121.3965909,99.10454545,166.1036932,,,
21030080,1.807916667,-75.55602778,66.78139535,80.84069767,132.1162791,157.1860465,182.4651163,188.3465116,169.1162791,139.0813953,134.744186,108.7906977,97.40697674,77.18255814,127.8381783,,,
21030090,2.202944444,-75.67772222,57.11627907,79.79069767,116.7209302,105.8837209,89.36046512,71.43023256,50.68604651,33.37209302,43.09302326,100.8837209,108.6627907,77.19767442,77.8498062,,,
21030110,2.07775,-75.68194444,80.65,125.7470588,158.2029412,147.9764706,156.1058824,124.8147059,107.6088235,74.30588235,82.40588235,149.6823529,159.2411765,96.61176471,121.9460784,,,
21035020,1.913888889,-75.679,77.13194444,106.1777778,150.7958333,209.5041667,234.475,261.0666667,286.5638889,217.675,187.8680556,179.3847222,153.9222222,107.0041667,180.9641204,,,
21040010,2.25,-75.76666667,112.3333333,125.4545455,173.3030303,141.9393939,129.2727273,88.77272727,75.51515152,43.75757576,64,151.4969697,176.5606061,130.5606061,117.7472222,,,
21040020,2.334027778,-75.72847222,154.4302326,153.2790698,192.8302326,172,160.1395349,82.08139535,75.69651163,48.56976744,67.82325581,193.9232558,251.4488372,216.2093023,147.3692829,,,
21040030,2.030944444,-76.10030556,88.77631579,106.4736842,137.9868421,174.5657895,151.6315789,136.2105263,123.5921053,103.4868421,95.55263158,130.7184211,138.2236842,107.6842105,124.5752193,,,
21040040,2.232361111,-75.64855556,60.34285714,84.97,94.29714286,96.67142857,91.31428571,67.6,45.95714286,29.05714286,41.28571429,103.8571429,117.8857143,78.47142857,75.97583333,,,
21040050,2.108833333,-75.82280556,66.17794118,99.89705882,105.7,99.31911765,88.99264706,62.81764706,56.08529412,36.35,34.46029412,93.77647059,118.925,83.175,78.80637255,,,
21040060,2.199361111,-75.77936111,97.89705882,100.8235294,133.2647059,116.6323529,101.8235294,63.05882353,44.64705882,29.30882353,42,113.9117647,139.1764706,97.48529412,90.00245098,,,
21040070,2.216666667,-75.68333333,56.35333333,88.15,95.06333333,95.04333333,86.68666667,58.14,45.13666667,25.08,38.53,97.83666667,111.54,56.80666667,71.19722222,,,
21050090,2.551444444,-75.8065,148.3081395,178.2255814,215.0325581,196.4686047,163.6860465,106.227907,82.9255814,67.37906977,90.73953488,190.1209302,237.4697674,206.7674419,156.9459302,,,
21050140,2.510777778,-75.61566667,151.7871795,153.6512821,197.7935897,168.3115385,118.9333333,49.9025641,31.32051282,21.22564103,56.07435897,188.6487179,281.0128205,243.1923077,138.4878205,,,
21050150,2.458416667,-75.75833333,181.1142857,169.3571429,200.5142857,160.3714286,125.1428571,44.15714286,30.71428571,28.82857143,45.25714286,198,245.1571429,265.5685714,141.1819048,,,
21050160,2.317055556,-76.01013889,97.71052632,122.3315789,135.6144737,167.3065789,150.3526316,126.9289474,106.8921053,77.24210526,83.18421053,147.8868421,147.2197368,130.8868421,124.4630482,,,
21050170,2.652388889,-75.75894444,113.0128205,117.1653846,179.4871795,209.3346154,189.8846154,123.5769231,120.0641026,91.17948718,116.8846154,181.0897436,209.6641026,149.4384615,150.0651709,,,
21050190,2.218055556,-76.11736111,102.0363636,142.5454545,166.8181818,208.6363636,208.8181818,164.8787879,145.7575758,109.3484848,112.8181818,186.969697,157.9848485,138.730303,153.7785354,,,
21050290,2.491277778,-75.7285,144.0116279,148.6046512,184.4837209,169.1197674,105.7906977,43.97674419,37.2244186,30.23953488,43.46395349,180.2348837,233.2988372,214.9209302,127.9474806,,,
21055020,2.378277778,-75.89125,126.7722222,152.4322222,180.1566667,163.9122222,143.5844444,78.23666667,63.94777778,50.03,70.15888889,147.9033333,164.2022222,137.6644444,123.2500926,,,
21060040,2.202027778,-75.54858333,81.96022727,113.6477273,150.8977273,166,152.8818182,126.0113636,104.4772727,68.09090909,72.9375,146.2727273,153,113.7318182,120.8257576,,,
21060070,2.388916667,-75.53808333,73.73863636,97.32954545,121.8181818,122.1590909,90.43181818,61.20454545,53.42045455,39.5,41.73863636,120.1590909,133.6136364,95.05681818,87.51420455,,,
21060080,2.190083333,-75.60505556,60.70930233,84.13953488,98.3372093,117.7325581,102.1953488,97.56976744,70.15116279,50.74418605,52.95348837,112.7209302,110.2093023,82.3255814,86.64903101,,,
21060090,2.574805556,-75.43552778,87.95581395,111.8953488,156.1837209,135.1860465,98.15581395,37.52325581,28.86046512,21.39534884,41.24418605,155.6139535,208.0813953,153.9174419,103.0010659,,,
21060100,2.317166667,-75.50358333,90.71212121,119.4090909,153.5757576,179.8666667,167.169697,114.9954545,107.7454545,75.52424242,78.88181818,145.0893939,152.1515152,115.1060606,125.0189394,,,
21060110,2.3215,-75.62466667,68.57575758,95.84848485,116.5454545,96.12121212,89.8030303,51.63636364,37.8030303,26.42424242,38.81818182,126.4393939,127.3333333,99.13636364,81.20707071,,,
21065040,2.2525,-75.52944444,84.29069767,96.49069767,115.0802326,149.6604651,133.9651163,115.0744186,92.32790698,66.08372093,76.8,111.5151163,124.5453488,109.7953488,106.3024225,,,
21080030,2.669611111,-75.52886111,142.0352273,148.9647727,208.1,167.5284091,113.4590909,40,30.08409091,18.06363636,39.85,192.8704545,264.3329545,210.7704545,131.3382576,,,
21080070,2.636916667,-75.58091667,195.0161765,144.9205882,200.375,215.2882353,138.9911765,40.72352941,24.97941176,12.55147059,54.425,206.7073529,287.4632353,280.6470588,150.1740196,,,
21080080,2.793055556,-75.632,119.5236842,134.1144737,173.7407895,191.2657895,150.65,74.13421053,49.29868421,52.93026316,101.0526316,172.7315789,176.5052632,135.5223684,127.6224781,,,
21080100,2.772833333,-75.61305556,168.9230769,190.9141026,202.4538462,186.0538462,145.1512821,77.46923077,60.99871795,42.56923077,91.57564103,195.6435897,237.5012821,201.2461538,150.0416667,,,
21080110,2.578694444,-75.71866667,159.44,149.7466667,179.9033333,177.5583333,132.9516667,62.76166667,37.17833333,31.40166667,49.97666667,135.8916667,199.5816667,178.43,124.5684722,,,
21085020,2.652194444,-75.62925,163.8641026,160.8128205,208.624359,204.7641026,155.5192308,61.32820513,42.90897436,38.68717949,71.09230769,196.3397436,268.6910256,231.1858974,150.3181624,,,
21085030,2.760444444,-75.58272222,183.3516667,180.77,253.93,217.74,164.6083333,72.28833333,43.02166667,37.85333333,77.32666667,218.4116667,287.4033333,242.6866667,164.9493056,,,
21090020,2.855555556,-75.39919444,165.46,164.2733333,180.3422222,209.5533333,121.6155556,32.24111111,30.29333333,23.77666667,56.89777778,249.9533333,276.9711111,210.4,143.4814815,,,
21090030,2.916666667,-75.31666667,80.5359375,97.328125,172.559375,125.3109375,90.178125,29.575,23.0703125,15.415625,55.83125,156.7796875,193.759375,149.515625,99.15494792,,,
21090040,2.777583333,-75.34752778,117.2177778,123.3044444,169.6,162.4511111,106.7933333,31.36,23.02,16.69555556,44.77333333,172.0222222,216.0444444,180.18,113.6218519,,,
21090060,2.783333333,-75.33333333,104.7757576,96.98484848,185.4545455,151.4121212,95.73636364,35.62121212,24.54242424,15.90151515,54.96060606,186.069697,232.7151515,175.5727273,113.3122475,,,
21090090,2.833333333,-75.35,116.4030303,116.4242424,151.8939394,145.0787879,100.1242424,29.25757576,24.6,21.27575758,56.28787879,164.0166667,252.3818182,172.4424242,112.5155303,,,
21090110,2.865527778,-75.33988889,104.5461538,93.77820513,146.0371795,136.1115385,73.51538462,27.06538462,20.64615385,11.68717949,42.3025641,189.9179487,240.1794872,151.8512821,103.1365385,,,
21095010,2.828805556,-75.33116667,124.6544444,103.04,152.2577778,136.5266667,96.22111111,37.13444444,25.91666667,16.74555556,44.15666667,178.0755556,219.3388889,174.5233333,109.0492593,,,
21100080,2.615277778,-75.20669444,63.22894737,85.27763158,119.3026316,132.4078947,130.1447368,96.43421053,80.64473684,64.19210526,72.26973684,128.2894737,136.5526316,98.52631579,100.6059211,,,
21100140,2.434805556,-75.40088889,137.4848485,120.1545455,170.6121212,178.9242424,164.1333333,109,86.15454545,61.91818182,81.65151515,225.869697,197.6333333,149.5606061,140.2580808,,,
21105030,2.521694444,-75.32225,74.96190476,78.76190476,116.6380952,108.2952381,98.90119048,68.25714286,52.26666667,42.08809524,53.09285714,126.4547619,145.4166667,113.952381,89.92390873,,,
21105050,2.599666667,-75.41788889,84.59230769,107.5871795,155.5358974,137.1884615,92.4,37.44230769,31.24358974,20.29102564,39.16410256,151.8602564,212.0269231,166.8717949,103.0169872,,,
21110040,3.074888889,-75.16841667,63.25121951,83.54146341,128.6439024,128.6439024,101.7219512,30.77073171,20.06341463,13.36707317,30.08536585,152.7073171,175.3707317,120.2634146,87.36920732,,,
21110070,3.150333333,-75.05733333,50.5,80.16590909,113.2045455,151.3522727,100.9,48.82954545,34.70454545,29.5,52.36363636,156.4772727,180.0113636,107.3636364,92.11439394,,,
21110090,3.387138889,-75.16925,86.47777778,90.05555556,123.5,146.6444444,112.0777778,33.53333333,24.26666667,23.57777778,46.37777778,190.4,217.4444444,149.0222222,103.6148148,,,
21110120,3.305333333,-75.20077778,79.24772727,81.37272727,104.5306818,129.6806818,100.4034091,29.46363636,21.42954545,17.11818182,45.64318182,140.1988636,184.9363636,131.9079545,88.82774621,,,
21110160,3.118472222,-75.19902778,74.87555556,79.10222222,109.5266667,128.7311111,102.2533333,27.13333333,23.63777778,18.48888889,41.56444444,161.3577778,181.9022222,118.74,88.94277778,,,
21110180,3.036027778,-75.15972222,74.0875,94.9225,143.425,136.25,95.2,28.25,18.95,13.5125,34.9,173.725,211.8375,144.25,97.4425,,,
21110290,3.349555556,-75.17030556,73.01111111,84.21333333,134.6133333,156.3211111,118.2,30.65333333,22.86888889,20.17777778,52.74,189.38,226.7955556,151.0688889,105.0036111,,,
21110330,3.187388889,-75.21841667,65.63333333,83.84888889,117.6088889,144.7277778,97.09111111,31.30222222,26.66444444,20.76444444,47.62666667,157.4044444,217.8666667,120.2644444,94.23361111,,,
21110400,2.851138889,-75.10819444,114.75,141.9677419,192.0467742,163.3451613,120.8903226,63.16451613,48.19032258,35.7,50.09677419,203.1,265.0370968,184.3129032,131.8834677,,,
21110430,2.906138889,-75.12044444,106.4766667,129.7433333,181.8316667,161.065,115.855,50.76,45.17833333,30.09333333,61.74,179.8083333,232.5666667,175.245,122.5302778,,,
21110440,2.795666667,-75.23927778,132.9370968,157.1209677,182.9564516,194.0935484,122.1322581,44.05,40.18870968,17.10645161,50.63225806,235.383871,298.0419355,207.3580645,140.1668011,,,
21115020,2.94875,-75.29305556,94.56818182,108.5590909,149.3068182,146.9431818,87.82840909,32.69545455,28.70909091,18.13409091,48.20227273,181.1840909,221.5397727,149.7852273,105.6213068,,,
21115060,3.329222222,-75.18405556,71.70555556,68.61333333,106.3288889,129.7488889,99.56888889,29.03777778,21.84666667,20.90777778,47.67555556,163.3088889,197.2488889,117.8077778,89.48324074,,,
21115070,3.014944444,-75.073,61.96707317,95.81463415,144.0292683,169.9658537,125.9463415,64.04512195,53.9304878,41.30853659,59.11585366,192.4378049,182.4865854,133.9060976,110.4128049,,,
21115080,3.222527778,-75.21627778,61.82386364,73.77727273,107.8886364,128.9659091,91.28636364,33.04659091,22.60568182,18.02613636,46.67045455,158.5159091,186.3715909,113.2818182,86.85501894,,,
21115100,2.942638889,-75.06638889,99.2547619,112.2035714,172.6690476,181.6559524,131.9821429,68.11428571,50.45,44.29880952,60.64880952,210.2380952,214.2666667,154.7321429,125.0428571,,,
21115140,3.094,-74.92111111,51.08783784,69.64189189,107.5621622,108.5108108,141.7324324,104.0689189,74.48108108,67.32567568,71.92972973,136.4324324,136.0094595,95.88918919,97.05596847,,,
21115160,3.133055556,-75.08152778,43.92333333,70.06833333,115.8416667,118.8616667,90.11666667,40.165,28.655,17.595,37.43333333,131.255,157.5133333,102.3233333,79.47930556,,,
21120090,2.870333333,-75.49097222,128.202439,154.9390244,208.8756098,225.2439024,151.2073171,57.6195122,32.90243902,34.57804878,75.46097561,235.5487805,282.9390244,228.2414634,151.3132114,,,
21120100,2.865,-75.56638889,192.4,204.1315789,254.2236842,256.5789474,197.6973684,86.53947368,48.43421053,56.99473684,110.9105263,261.7868421,277.4473684,252.6210526,183.3138158,,,
21120130,2.911861111,-75.42605556,141.8409091,156.269697,208.1363636,195.2151515,100.2575758,46.34545455,25.35151515,13.99242424,50.41212121,247.1242424,274.1454545,210.9606061,139.1709596,,,
21125010,2.935694444,-75.58905556,77.99404762,106.9142857,143.9619048,185.5797619,169.575,86.38571429,51.3952381,51.80595238,88.4547619,179.3630952,176.5654762,108.3666667,118.8634921,,,
21130010,3.847333333,-74.9365,118.0581395,127.8046512,168.5581395,266.244186,206.7395349,72.97906977,47.27674419,48.62093023,116.1302326,253.5232558,231.3139535,153.8813953,150.9275194,,,
21130040,3.080638889,-75.48466667,138.255814,170.3023256,230.1069767,221.6488372,170.8604651,66.05813953,41.98837209,41.26976744,98.06046512,243.1976744,262.6162791,208.6837209,157.7540698,,,
21130050,3.243555556,-75.25594444,59.11363636,77.57727273,117.2386364,138.9545455,103.3977273,31.46590909,19.99545455,20.90909091,47.69318182,171.4886364,186.6590909,133.2045455,92.30814394,,,
21130060,3.007138889,-75.55919444,150.3295455,169.6363636,215.1022727,218.0272727,189.8977273,102.9318182,65.42613636,72.12045455,122.6681818,281.6818182,265.4818182,163.5590909,168.071875,,,
21130080,3.120833333,-75.49225,145.56,174.8875,217.3975,240.175,168.575,72.59,41.0425,42.55,104.235,271.66,286.6325,208.4375,164.4785417,,,
21130110,3.268583333,-75.49066667,157.7141026,155.7923077,223.324359,229.5487179,181.7230769,59.58076923,48.19487179,41.24358974,109.5589744,264.8179487,264.1884615,187.7435897,160.2858974,,,
21130180,3.453611111,-75.15088889,81.37058824,83.93235294,140.4558824,145.1088235,110.4955882,34.07941176,17.10882353,21.55,46.66176471,183.1147059,229.2117647,160.3735294,104.4552696,,,
21135020,3.855833333,-75.01572222,79.72954545,108.8988636,133.3363636,185.3931818,159.5386364,53.65909091,40.10340909,36.79204545,108.2613636,196.3034091,167.0886364,117.4829545,115.5489583,,,
21135030,3.573833333,-75.109,92.00555556,105.8255556,144.1344444,179.5077778,128.06,42.2,30.84555556,33.15,63.78222222,196.6411111,258.96,146.3944444,118.4588889,,,
21135040,3.77375,-75.11980556,82.9625,119.98,135.5625,195.78875,165.76625,59.25375,31.05625,41.56125,97.78125,207.56125,184.21625,121.4525,120.2452083,,,
21140010,3.291583333,-74.90397222,41.54545455,43.64318182,84.81818182,97.83636364,87.73863636,44.3,37.29772727,28.10227273,38.55681818,97.75,117.1704545,62.06818182,65.06893939,,,
21140030,3.279222222,-74.93422222,36.02195122,56.93292683,86.28292683,92.6195122,80.16585366,43.09512195,37.49756098,31.73170732,46.95243902,104.0560976,118.2585366,83.81707317,68.11930894,,,
21140080,3.480527778,-74.74377778,47.5804878,61.44390244,107.0829268,132.4658537,134.6219512,88.29268293,57.42439024,43.68536585,52.23536585,158.0243902,165.8707317,75.32926829,93.67144309,,,
21140100,3.423,-75.10463889,78.26097561,87.06463415,132.1743902,148.1878049,88.5902439,32.36341463,19.10243902,23.13902439,50.38414634,179.702439,207.3682927,151.4097561,99.81229675,,,
21140110,3.345361111,-75.09744444,47.37837838,69.58108108,105.3972973,114.6216216,72.82702703,26.97297297,16.24324324,13.2972973,38.77027027,141.7567568,165.3918919,103.7189189,76.32972973,,,
21140120,3.425861111,-74.92025,113.6,123,175.5,159.35,156.0875,76.4875,54.7875,51.525,59.075,221.8125,296.0875,185.1125,139.36875,,,
21140130,3.645472222,-74.66688889,74.425,76.6984375,98.5578125,137.146875,115.08125,62.7109375,54.7265625,37.996875,61.0890625,121.39375,165.484375,90.0765625,91.28229167,,,
21145040,3.373361111,-75.11011111,57.95227273,67.80568182,107.8829545,123.6818182,79.18522727,25.69318182,25.32159091,16.93409091,42.49772727,148.5761364,199.1431818,120.5454545,84.60160985,,,
21145070,3.311027778,-74.70288889,52.77790698,73.42790698,131.0162791,196.3069767,262.5383721,307.4081395,323.2627907,240.2813953,172.0860465,151.2232558,182.5930233,114.2069767,183.9274225,,,
21150030,3.566055556,-75.0625,88.37631579,93.34736842,148.1184211,152.3342105,109.8157895,32.15789474,25.92105263,22.67105263,61.71052632,192.5578947,234.7236842,184.7078947,112.2035088,,,
21155040,3.533055556,-74.90577778,101.421875,136.2765625,167.8390625,148.89375,115.2375,65.059375,36.55,30.721875,70.725,245.91875,327.859375,220.528125,138.9192708,,,
21160030,4.066388889,-74.68761111,112.7965909,154.5488636,189.5647727,226.5420455,217.3806818,90.72840909,47.6,48.33295455,125.8193182,277.2965909,265.5943182,156.5272727,159.3943182,,,
21160040,3.74625,-74.81094444,142.5818182,170.4568182,260.1590909,287.4545455,210.4977273,88.05909091,44.87727273,48.59090909,95.95227273,309.3727273,344.1704545,205.7727273,183.9954545,,,
21160050,3.671722222,-74.84297222,152.2590909,173.9045455,241.0159091,257.9909091,217.6181818,100.4636364,59.61818182,52.81818182,115.125,313.0795455,332.25,248.2727273,188.7013258,,,
21160070,3.932916667,-74.60927778,102.2325581,132.0116279,177.6511628,204.0813953,177.9930233,74.78139535,55.97674419,62.95348837,104.4767442,203.6325581,216.8325581,133.244186,137.1556202,,,
21160080,3.753805556,-74.90088889,108.4953488,136.3686047,210.0697674,234.1139535,212.4372093,67.71627907,56.03837209,43.28139535,107.0813953,265.0418605,281.0360465,198.3662791,160.003876,,,
21160160,3.620555556,-74.79972222,175.1568966,166.4275862,267.15,240.4327586,186.8,68.42413793,54.36034483,38.04482759,89.92068966,296.2586207,412.5896552,229.5637931,185.4274425,,,
21160170,3.709333333,-74.79083333,141.2689655,192.3482759,244.1982759,260.3448276,193.5413793,96.71034483,52.41034483,44.4137931,85.10344828,284.5431034,312.8206897,250.0724138,179.8146552,,,
21160180,3.839777778,-74.68830556,158.7933333,154.055,225.9566667,290.4133333,264.915,155.0533333,110.8133333,93.41666667,132.85,291.3566667,295.55,193.7833333,197.2463889,,,
21160200,3.893055556,-74.57080556,128.3354839,128.5451613,202.8290323,259.6709677,213.3193548,113.3225806,107.3580645,100.2258065,133.0516129,252.7666667,245.6790323,165.0096774,170.8427867,,,
21165030,3.897916667,-74.77152778,111.2105263,144.0592105,193.4578947,233.5513158,198.8289474,88.66578947,54.44736842,48.61710526,134.9815789,268.8105263,276.0434211,186.3052632,161.5815789,,,
21170020,4.258277778,-74.78361111,46.06973684,80.18421053,108.875,170.4052632,155.5934211,78.82105263,37.58157895,38.36315789,113.9381579,153.3684211,103.9763158,76.03552632,96.93432018,,,
21170040,3.912138889,-74.82244444,137.19,155.5816667,216.6183333,284.775,211.13,90.835,53.025,58.88833333,114.0733333,302.775,279.965,193.5216667,174.8648611,,,
21180040,4.2425,-75.2425,90.94047619,117.2809524,163.2285714,227.6642857,232.2833333,115.1,59.32857143,78.66666667,168.3619048,224.6595238,217.9285714,131.25,152.2244048,,,
21180120,4.029166667,-75.10555556,78.33428571,80.50714286,138.5257143,239.9,180.2285714,65.90285714,38.03142857,53.38571429,94.78571429,186.3714286,209.1571429,115.9714286,123.425119,,,
21180160,4.055944444,-74.8415,92.23809524,95.17857143,146.547619,223.05,239.1095238,102.5,54.91666667,55.22619048,139.0571429,215.1666667,192.3071429,119.3309524,139.552381,,,
21180210,4.191944444,-75.11275,65.93684211,91.27763158,116.2631579,214.7315789,208.6105263,75.15263158,46.99473684,54.08421053,128.2789474,193.5223684,154.8052632,101.1710526,120.9024123,,,
21185020,4.188138889,-74.96047222,65.66842105,82.49210526,142.9486842,162.3105263,200.4460526,72.26447368,40.35657895,43.39605263,139.9328947,173.7263158,119.1342105,81.49605263,110.3476974,,,
21185030,4.008833333,-74.98138889,73.60888889,76.76222222,115.2355556,181.4766667,183.7566667,81.84,40.28555556,45.07888889,109.6566667,157.7277778,151.56,112.6844444,110.8061111,,,
21185040,4.275444444,-74.798,41.96777778,78.02111111,103.4166667,170.1822222,152.1722222,56.56333333,29.08222222,35.24555556,102.9322222,158.4133333,102.03,74.71444444,92.06175926,,,
21190090,3.986972222,-74.48355556,42.17444444,54.10555556,81.57666667,113.5866667,108.3377778,59.54333333,49.69,55.98111111,70.65666667,123.3788889,108.8966667,51.41444444,76.61185185,,,
21190210,4.305888889,-74.64866667,70.77375,91.0475,115.32,188.27,189.655,73.625,33.465,41.22625,93.77,219.9525,155.0725,104.28625,114.7053125,,,
21190290,4.161027778,-74.71311111,88.3402439,102.8134146,138.0146341,207.3865854,202.5963415,95.41707317,41.8804878,49.62317073,121.0902439,207.497561,188.9243902,106.9682927,129.2127033,,,
21190310,4.387972222,-74.32991667,129.8378788,119.9166667,178.8924242,191.8424242,144.4818182,73.8969697,68.07424242,60.47575758,82.95606061,189.1515152,225.4257576,148.9393939,134.4909091,,,
21190330,3.905861111,-74.50969444,59.97121212,86.30454545,115.2969697,171.0151515,158.4893939,98.45454545,92.07878788,84.58333333,87.16212121,164.65,143.1681818,83.01515152,112.0157828,,,
21190350,4.152472222,-74.35975,26.721875,40.5703125,56.5203125,85.96822917,97.584375,54.2828125,48.4453125,51.225,53.0859375,88.7828125,63.6515625,34.8609375,58.4749566,,,
21190410,4.164611111,-74.58733333,121.9793103,130.5327586,236.0931034,193.3172414,199.1448276,81.50344828,60.85,46.52758621,108.5672414,231.0896552,247.5137931,177.837931,152.9130747,,,
21195060,4.192722222,-74.48741667,57.06222222,82.81222222,118.2211111,133.5833333,122.6277778,55.69111111,43.92111111,41.35111111,74.08777778,146.7277778,150.9211111,90.09444444,93.09175926,,,
21195070,4.310111111,-74.31175,45.67727273,50.18522727,85.46931818,104.6454545,76.96931818,52.94204545,43.66363636,39.30113636,55.63068182,111.1852273,109.7409091,63.19545455,69.88380682,,,
21201060,5.04325,-74.03338889,37.44878049,62.04634146,81.82682927,136.2939024,148.2280488,104.3341463,98.07804878,90.25731707,90.65853659,140.8646341,112.2963415,56.02804878,96.5300813,,,
21201070,4.866666667,-74.26666667,38.1025,63.37625,97.72625,93.87625,91.30125,55.725,39.12375,47.9025,53.715,104.295,100.8675,53.99,70.00010417,,,
21201090,4.442694444,-74.54225,95.02820513,102.225641,127.7692308,207.5294872,171.5923077,58.18205128,37.19615385,30.29871795,77.11282051,192.4923077,150.2692308,85.19487179,111.2409188,,,
21201100,4.466666667,-74.65,52.35263158,69.57105263,99.575,153.5802632,144.0381579,43.61842105,21.86578947,44.38552632,89.06578947,129.9210526,122.925,57.03815789,85.66140351,,,
21201140,4.802166667,-74.17997222,23.68625,32.7675,56.78625,86.5925,84.6775,47.90375,38.43625,38.8775,49.44375,95.3075,71.73,40.73125,55.57833333,,,
21201210,4.866388889,-74.15386111,16.63055556,36.38888889,60.13194444,104.1861111,98.30972222,55.38611111,43.35555556,46.45972222,65.86944444,91.99444444,72.61805556,38.17777778,60.79236111,,,
21201220,4.784277778,-73.87080556,22.14264706,46.34705882,65.00882353,106.9529412,122.3367647,137.2102941,147.9897059,133.4926471,85.40735294,102.9926471,86.82941176,38.65147059,91.28014706,,,
21201250,4.871638889,-73.96666667,28.9016129,42.15322581,54.78064516,82.97096774,85.86612903,60.76129032,65.72903226,52.73225806,47.89516129,86.24354839,80.58064516,43.09677419,60.97594086,,,
21201310,4.465444444,-74.2675,23.2625,33.7125,52.45357143,80.26071429,85.52142857,49.60535714,36.98928571,36.55178571,43.05892857,77.72142857,75.67857143,42.70178571,53.1264881,,,
21201320,4.509361111,-74.26880556,22.17142857,35.62321429,53.075,80.39464286,85.45,44.09285714,34.86428571,34.66607143,49.49642857,77.50357143,63.24285714,43.22857143,51.98407738,,,
21205420,4.691416667,-74.209,20.64772727,37.55,56.29090909,87.95681818,79.1375,55.51022727,37.05113636,38.09772727,48.55113636,90.43522727,76.09772727,42.23522727,55.7967803,,,
21205660,4.581888889,-74.52661111,57.95465116,85.3,123.3162791,137.7895349,126.0348837,40.93255814,29.73837209,42.39534884,77.02209302,142.7976744,131.4848837,79.18372093,89.49583333,,,
21205670,4.770888889,-74.43763889,62.57674419,85.52093023,112.0674419,151.5453488,127.3034884,57.18023256,37.30116279,56.67093023,93.02906977,166.8104651,143.3837209,81.72209302,97.92596899,,,
21205700,4.879861111,-73.86811111,28.64230769,43.93717949,68.82564103,86.7974359,92.86153846,72.75769231,70.91153846,54.27307692,50.04102564,86.14358974,74.61538462,43.16153846,64.41399573,,,
21205720,4.50575,-74.18927778,25.80444444,35.57555556,57.78666667,93.25666667,87.90444444,66.16555556,57.19888889,47.18111111,49.19444444,93.85,94.82222222,44.50444444,62.77037037,,,
21205740,5.117722222,-73.70141667,15.61538462,30.09487179,58.8474359,89.84487179,110.6794872,132.4692308,149.4948718,103.7538462,73.17051282,78.6974359,59.88589744,29.08846154,77.63685897,,,
21205770,4.728805556,-74.2725,12.00135135,28.58648649,40.6027027,70.38108108,69.93108108,45.74459459,36.17972973,33.92297297,41.79054054,72.98648649,69.47027027,27.38108108,45.7481982,,,
21205920,4.820833333,-73.96388889,26.52419355,39.27096774,53.68064516,93.43064516,94.22580645,83.2016129,90.21612903,73.25483871,61.31451613,83.56612903,67.3983871,37.37903226,66.95524194,,,
21205980,4.792388889,-74.20091667,29.48064516,46.30322581,73.87096774,103.9725806,94.73870968,63.04193548,51.07258065,44.41290323,58.29032258,102.9112903,87.84516129,55.78870968,67.64408602,,,
21206020,4.898527778,-74.10483333,27.72121212,47.20454545,63.98484848,104.530303,100.2378788,58.06515152,58.46212121,55.56363636,59.88787879,102.1606061,93.09242424,51.8,68.55921717,,,
21210020,4.556305556,-75.32163889,51.51625,65.50875,110.3575,164.70125,183.33875,141.085,130.94125,123.99125,180.33875,163.12125,96.8275,66.36875,123.1746875,,,
21210030,4.511055556,-75.30083333,76.16904762,104.127381,166.2357143,212.3214286,252.502381,177.7988095,154.8952381,142.7916667,204.05,222.1488095,158.6702381,92.32857143,163.6699405,,,
21210110,4.520944444,-75.27788889,88.88333333,102.65,182.19,232.8,232.0666667,177.11,149.4383333,150.115,208.68,217.595,157.5483333,101.9466667,166.7519444,,,
21210120,4.490916667,-75.23941667,121.5233333,140.755,176.1833333,206.5233333,192.5333333,116.2333333,107.22,142.0133333,162.345,202.9366667,180.5816667,115.56,155.3673611,,,
21210130,4.380333333,-75.51175,36.42413793,55.42758621,81.57241379,147.7137931,145.0051724,108.7034483,75.45172414,82.99655172,104.5448276,118.9068966,83.52413793,64.05172414,92.02686782,,,
21210140,4.38375,-75.49686111,39.96,58.11,83.21333333,128.78,138.3633333,105.3066667,79.51333333,86.405,88.54666667,104.81,78.735,57.67333333,87.45138889,,,
21210220,4.580111111,-75.32566667,41.4925,55.86125,87.49875,129.72,144.0975,117.6025,94.73625,97.1425,127.5275,146.06625,103.43625,61.17875,100.53,,,
21215080,4.231527778,-74.99536111,56.03444444,83.65444444,124.9655556,191.06,188.9188889,68.77111111,53.60222222,57.09222222,114.9888889,176.5177778,124.87,84.16555556,110.3867593,,,
21215100,4.4415,-75.42458333,45.85487805,57.55243902,100.3073171,141.6560976,181.9609756,135.8365854,104.0195122,86.72804878,126.954878,126.25,100.2780488,72.43658537,106.6529472,,,
21215140,4.331305556,-75.08066667,43.67972973,58.54189189,98.04189189,176.1324324,161.0648649,56.65,42.06216216,64.58783784,140.0675676,187.6243243,129.6,67.43243243,102.1237613,,,
21230060,4.398611111,-74.82555556,49,81.99210526,113.1526316,201.6184211,173.65,55.44736842,39.97236842,43.35,116.8315789,154.3118421,107.0355263,62.50789474,99.9058114,,,
21230070,4.851277778,-74.62283333,47.94078947,87.00131579,116.0802632,179.3473684,128.2473684,49.71184211,35.72368421,39.71315789,86.88026316,188.9263158,160.8236842,100.5552632,101.745943,,,
21230090,5.20275,-74.72927778,61.16212121,73.47575758,121.7015152,196.5060606,185.6742424,67.52272727,49.8,80.72575758,149.5212121,253.5424242,197.1030303,114.5333333,129.2723485,,,
21230110,4.387777778,-74.838375,55.14852941,80.18823529,97.47058824,199.0617647,169.1338235,62.38970588,44.61617647,40.42794118,131.6397059,153.0117647,105.7470588,64.36764706,100.2669118,,,
21235010,4.561805556,-74.70238889,42.725,71.52916667,100.7944444,146.4958333,121.3263889,40.33888889,35.01111111,38.54583333,86.84444444,134.3097222,97.08472222,50.375,80.44837963,,,
21240070,4.6375,-75.09,103.1081081,131.2162162,171.4675676,242.5945946,211.8783784,99.38918919,82.80810811,91.64864865,161.6243243,217.9054054,181.3918919,115.2837838,150.8596847,,,
21245010,4.429666667,-75.20052222,53.00116279,70.62209302,109.1127907,172.9255814,203.1523256,94.73372093,56.9244186,65.54534884,133.6848837,169.2488372,124.9755814,74.98604651,110.7427326,,,
21245040,4.424138889,-75.13941667,79.60227273,100.1420455,131.8284091,205.2738636,232.775,98.21363636,58.0375,71.93636364,136.6579545,196.3079545,168.3125,115.8318182,132.9099432,,,
21245140,4.711861111,-75.09445556,114.475,124.6625,171.396875,238.33125,215.090625,108.8453125,80.60625,82.3625,170.06875,199.9828125,223.596875,135.9203125,155.4449219,,,
21250070,4.800111111,-74.93569444,58.43953488,88.23372093,134.2267442,199.1046512,231.1023256,88.04418605,70.64883721,107.8372093,166.2953488,206.1372093,130.122093,87.20116279,130.6160853,,,
21250110,4.870555556,-75.17327778,59.44767442,86.21162791,131.277907,209.4,217.444186,126.2325581,84.23837209,101.8988372,134.8511628,189.9267442,154.0325581,95.41976744,132.5317829,,,
21250120,5.016852778,-75.11761111,139.8338235,198.2441176,228.0323529,297.8235294,287.2823529,139.2647059,101.1058824,139.7058824,238.3764706,306.0941176,243.3808824,166.0676471,207.1009804,,,
21250430,4.783333333,-74.76666667,25.84848485,59.87727273,94.07272727,169.1727273,140.1818182,45.54545455,44.94393939,74.65757576,124.119697,184.6515152,123.769697,66.53333333,96.1145202,,,
21250450,5.053027778,-74.88247222,61.61785714,93.5952381,128.1952381,203.95,200.8880952,96.49761905,59.09285714,101.4595238,144.9559524,215.6690476,161.4071429,81.24404762,129.0477183,,,
21250460,4.663805556,-74.91775,68.05789474,88.84473684,101.7236842,193.6131579,217.4105263,88.48947368,72.09078947,88.43421053,147.0052632,175.3368421,113.4342105,62.64473684,118.0904605,,,
21250500,4.921888889,-75.07586111,133.1193182,164.7522727,227.0204545,290.4159091,300.8477273,145.6613636,88.76136364,124.1795455,208.6045455,295.7181818,249.9659091,165.6704545,199.5597538,,,
21255080,4.434416667,-75.21102778,50.42209302,61.8255814,105.977907,178.7372093,162.7,57.41511628,40.95348837,69.50116279,134.0651163,190.6302326,135.9302326,70.70465116,104.9052326,,,
21255110,4.70175,-75.13183333,68.08918919,92.12297297,138.2216216,213.9243243,189.6094595,102.8310811,69.98918919,89.83108108,147.8027027,196.3837838,155.8216216,82.27972973,128.9088964,,,
21255120,5.016852778,-75.11761111,143.1708333,173.1166667,232.3152778,280.8305556,269.0111111,120.3333333,102.8861111,114.2347222,209.4555556,287.2402778,246.3666667,154.7555556,194.4763889,,,
22010010,3.287833333,-75.81541667,72.22875,104.77875,142.76,181.37875,200.9575,153.025,129.54125,101.22,128.0125,163.485,133.2925,88.235,133.2429167,,,
22010030,3.533333333,-75.65,187.8017241,193.9137931,249.862069,292.8068966,269.4293103,122.4293103,83.93275862,75.18793103,208.0758621,326.6362069,282.8,236.9137931,210.8158046,,,
22010070,3.576805556,-75.74261111,181.1433333,235.7833333,318,330.5,316.27,162.1766667,168.7333333,148.55,273.2833333,355.3333333,375.2833333,250.01,259.5888889,,,
22020020,3.045055556,-75.76177778,63.4,72.89230769,106.6807692,138.5051282,129.9935897,94.73589744,68.62564103,61.38717949,72.7025641,139.574359,129.1948718,91.29230769,97.41538462,,,
22020030,3.092,-75.67402778,138.01875,171.165,213.435,266.5475,221.33375,141.145,89.965,72.7325,123.7225,235.34125,270.855,175.86,176.6767708,,,
22020040,3.285805556,-75.5875,173.9975,188.5625,233.725,258.9275,223.635,96.1575,65.28375,61.18875,125.4475,351.76375,318.0725,223.92,193.3901042,,,
22020050,3.395222222,-75.6045,210.5648649,205.4135135,263.2,316.9108108,227.2594595,116.9189189,67.84054054,70.42432432,140.6581081,311.0391892,326.5324324,283.1054054,211.6556306,,,
22020070,3.328166667,-75.61305556,194.1911765,221.3852941,265.2852941,342.6470588,261.5588235,135.5794118,71.10294118,71.38529412,136.7382353,338.6117647,329.3647059,236.6823529,217.0443627,,,
22025010,3.166666667,-75.66666667,172.1625,168.090625,211.7046875,217.403125,204.0125,110.2484375,52.015625,55.4,127.3328125,222.3125,229.784375,175.05,162.1264323,,,
22045010,3.722444444,-75.50344444,182.7406977,192.3383721,251.327907,286.8232558,269.2069767,107.877907,77.02674419,86.73372093,169.3418605,353.1976744,366.155814,279.9604651,218.5609496,,,
22050030,3.795472222,-75.19563889,78.41818182,102.0363636,140.875,200.6329545,178.3556818,64.22272727,35.77840909,36.34318182,103.3590909,204.55,225.8545455,138.1931818,125.7182765,,,
22050040,3.928055556,-75.37916667,116.6559524,172.7285714,210.6071429,232.2380952,181.8642857,66.8047619,47.08571429,54.21071429,120.6797619,272.7654762,321.8630952,198.5809524,166.340377,,,
22050060,3.903527778,-75.69316667,75.84666667,82.33333333,120.55,170.895,159.8233333,151.7283333,169.8,132.3966667,128.1233333,137.5683333,116.735,81.97166667,127.3143056,,,
22050070,3.426388889,-75.48744444,162.2205128,196.7846154,278.2179487,286.0512821,218.1525641,81.56794872,60.49102564,55.25897436,150.325641,380.2025641,397.2461538,303.5820513,214.1751068,,,
22050080,3.379527778,-75.50813889,145.4986842,140.5078947,222.4526316,275.1526316,243.6736842,98.40789474,56.70263158,58.75526316,117.1763158,326.4355263,379.1078947,232.6315789,191.3752193,,,
22050090,3.923138889,-75.02119444,92.6,107.4727273,125.0030303,221.6636364,187.6757576,64.96666667,55.01212121,40.5,103.4484848,183.5818182,181.080303,133.6848485,124.7241162,,,
22055020,3.455777778,-75.53636111,174.5837209,198.3837209,233.2988372,262.2930233,214.8116279,89.88837209,56.52906977,63.90348837,126.977907,323.6116279,326.9883721,237.6232558,192.4077519,,,
22055030,3.986055556,-74.89880556,72.04342105,102.5407895,141.7171053,213.4368421,212.4157895,83.83157895,49.04078947,48.36710526,139.6263158,202.7223684,179.7710526,115.7763158,130.1074561,,,
22060070,3.939166667,-75.21994444,81.1402439,117.7243902,169.804878,233.6414634,185.6804878,87.05121951,51.45,39.23658537,103.3865854,206.9378049,209.1926829,137.8817073,135.2606707,,,
22060080,3.766388889,-75.54855556,158.0358974,182.6564103,226.0205128,349.5564103,277.3692308,140.7564103,88.75641026,91.19230769,169.8589744,318.2948718,276.274359,216.5897436,207.9467949,,,
22060090,3.815416667,-75.33005556,116.4325,135.845,203.25,260.2725,219.9275,74.315,52.805,53.455,128.68125,311.035,313.5475,217.265,173.9026042,,,
22060100,3.908277778,-75.10333333,75.35735294,87.75441176,118.5955882,172.4823529,152.3617647,52.50735294,41.25735294,31.17058824,87.51176471,183.3191176,188.1955882,123.4691176,109.4985294,,,
22065040,3.906916667,-75.48808333,88.77560976,135.9207317,189.9097561,237.2914634,239.697561,134.6439024,106.8402439,103.0707317,165.6682927,233.4609756,179.0292683,122.6780488,161.4155488,,,
22070010,4.006638889,-75.60775,40.13977273,67.28181818,105.9295455,151.6875,159.6,111.0840909,91.7875,85.47272727,107.0568182,125.2568182,113.9511364,67.59772727,102.2371212,,,
22070030,4.124555556,-75.49952778,71.04342105,87.13421053,104.6078947,170.1644737,143.4565789,129.9907895,103.2631579,95.04210526,108.5131579,150.5263158,155.5013158,98.95789474,118.183443,,,
22075030,4.206777778,-75.41558333,82.56410256,101.0641026,149.8410256,209.9512821,197.8102564,120.5717949,100.8205128,107.3948718,135.4384615,180.0064103,160.2282051,114.05,138.3117521,,,
23010020,5.158388889,-75.04891667,166.5666667,195.7866667,260.8511111,307.2688889,265.5322222,132.95,98.96666667,141.1777778,233.4288889,339.3044444,302.6822222,206.2166667,220.8943519,,,
23010080,5.201416667,-74.74958333,38.91363636,60.03863636,96.98295455,170.4647727,141.2204545,54.98863636,49.79204545,74.16477273,117.5136364,199.9568182,155.6386364,75.2625,102.9114583,,,
23025020,5.262638889,-74.72913889,42.82261905,72.75714286,126.9428571,194.002381,159.127381,68.32142857,53.18095238,76.86785714,139.6785714,222.8988095,191.3678571,112.4666667,121.702877,,,
23035020,5.471388889,-74.65472222,66.22948718,77.58461538,154.1615385,214.4435897,206.9089744,100.2358974,81.67051282,106.0897436,191.4730769,306.7230769,280.8974359,149.3128205,161.3108974,,,
23060110,5.352194444,-74.49477778,50.98068182,74.39545455,135.3954545,214.2931818,184.6465909,115.1636364,58.64431818,85.23068182,148.1454545,235.2625,203.2431818,99.01363636,133.7012311,,,
23060140,5.078222222,-74.61180556,59.69186047,100.7290698,151.8186047,218.2313953,169.0883721,68.39767442,41.81744186,57.59767442,121.4139535,231.0011628,190.2569767,93.00581395,125.2541667,,,
23060150,5.758277778,-74.62733333,61.77435897,98.33205128,177.6358974,265.3448718,239.0576923,132.5833333,109.575641,143.8589744,194.3217949,285.6230769,213.1538462,93.63333333,167.907906,,,
23060160,5.485083333,-74.46241667,82.56351351,133.5054054,194.8297297,302.15,286.4959459,172.5648649,124.0040541,117.6054054,176.6297297,314.75,244.0432432,135.9162162,190.421509,,,
23060170,5.349361111,-74.38911111,98.08333333,145.7487179,205.3128205,307.8782051,249.0230769,167.6166667,109.5012821,125.4115385,191.5089744,300.9076923,254.4807692,152.8576923,192.3608974,,,
23060180,5.253444444,-74.2945,143.6717949,189.8102564,265.4435897,293.7115385,229.4230769,107.3615385,72.9,92.59487179,160.0179487,285.4179487,268.8141026,211.6230769,193.3991453,,,
23060190,5.196083333,-74.4855,56.00394737,83.26447368,126.0947368,165.8842105,156.8065789,68.26710526,49.54473684,58.00526316,105.4328947,213.7315789,149.5605263,71.19868421,108.6495614,,,
23060200,5.059694444,-74.23916667,164.3802632,166.6210526,201.8197368,268.1236842,176.7171053,69.27105263,44.11447368,52.40789474,105.8118421,266.9302632,245.8381579,176.3552632,161.5325658,,,
23065110,5.484166667,-74.35458333,104.8853659,133.7914634,229.6792683,326.154878,328.0073171,204.7012195,153.9670732,164.5304878,235.0231707,325.295122,244.5426829,148.7914634,216.614126,,,
23065120,5.141555556,-74.13936111,110.0473684,126.2421053,159.2065789,190.9565789,132.3789474,42.86710526,35.45263158,43.47105263,96.58289474,219.1052632,204.1605263,136.2092105,124.7233553,,,
23110030,5.937527778,-74.58844444,55.53846154,86.20512821,180.7128205,263.3923077,250.5,134.7487179,148.9179487,159.1897436,242.2320513,282.4769231,191.35,113.674359,175.7448718,,,
23110040,5.880888889,-74.56834167,81.34615385,104.2589744,189.5358974,270.4,276.3025641,160.0589744,154.025641,171.6025641,236.8589744,311.1641026,226.0358974,112.974359,191.2136752,,,
23115010,5.978333333,-74.56666667,53.78918919,87.23918919,174.6513514,257.8189189,247.0216216,147.8,147.2337838,157.9310811,228.627027,294.4702703,199.0013514,112.6418919,175.685473,,,
23120050,5.534805556,-74.10122222,118.52,146.3266667,222.0488889,330.9288889,298.9611111,159.4944444,101.6266667,130.4488889,217.0811111,351.5755556,239.7633333,177.7044444,207.8733333,,,
23120210,5.474666667,-74.04591667,214.0666667,214.4924242,314.230303,385.2469697,325.219697,161.0818182,103.2348485,138.6424242,237.7878788,421.7469697,405.0651515,277.8106061,266.5521465,,,
23120240,5.371388889,-74.15463889,176.9377778,216.8444444,288.1288889,327.8544444,297.6311111,136.2844444,92.35333333,130.7377778,193.1888889,335.7522222,288.3533333,222.06,225.5105556,,,
23120250,5.649638889,-74.06872222,67.76184211,90.90657895,164.3263158,231.1855263,261.6092105,152.1078947,109.7105263,134.1789474,181.3868421,249.8921053,199.3013158,101.7013158,162.0057018,,,
23125080,5.661722222,-74.18461111,164.625,191.1184211,264.1894737,392.4657895,355.0144737,200.6947368,167.6460526,182.1197368,274.1631579,468.5039474,356.4513158,228.4447368,270.4530702,,,
24010070,5.303194444,-73.70975,28.27564103,47.37948718,73.74102564,101.2384615,87.12948718,51.70641026,44.48717949,40.39871795,48.47307692,103.6346154,85.82564103,43.12307692,62.95106838,,,
24010110,6.076944444,-73.46916667,72.90333333,98.06666667,157.5333333,253.9355556,302.6177778,211.9044444,187.0188889,197.2677778,253.5033333,256.3977778,207.6144444,123.8911111,193.554537,,,
24010140,5.251027778,-73.77075,31.40222222,42.75,65.51,81.89777778,78.91444444,38.20777778,41.38111111,33.39555556,41.38777778,100.2266667,80.85333333,38.62444444,56.21259259,,,
24010150,5.511305556,-73.86369444,24.15333333,38.56888889,77.67666667,126.5533333,103.2966667,46.50444444,38.03666667,41.15111111,64.14888889,128.81,95.09777778,54.60888889,69.88388889,,,
24010180,5.538777778,-73.63136111,42.70909091,69.55227273,125.1090909,144.3795455,90.44431818,34.72272727,27.0625,25.525,63.92045455,154.6011364,130.1272727,65.64318182,81.14971591,,,
24010410,5.602083333,-73.54527778,26.28181818,42.1875,73.09545455,93.17045455,66.80568182,23.68295455,17.6,18.32954545,44.04090909,97.73409091,84.10454545,44.90454545,52.66145833,,,
24010610,5.351277778,-73.90447222,23.65428571,34.86571429,56.50142857,86.49142857,73.93714286,40.68142857,30.23714286,36.11142857,42.14428571,106.2042857,78.47142857,32.83,53.51083333,,,
24010630,5.760583333,-73.44413889,102.0217949,146.5307692,207.8794872,236.4910256,165.0435897,73.65641026,58.85769231,60.01282051,108.4410256,241.8166667,219.2435897,153.1769231,147.7643162,,,
24010700,5.696222222,-73.759,35.10285714,72.46571429,117.9342857,178.0114286,134.57,69.48,45.42142857,61.25714286,107.0471429,201.4271429,153.4628571,64.75142857,103.4109524,,,
24010710,5.852166667,-73.57641667,51.88875,103.1325,171.74375,271.58,294.48625,205.09125,165.295,168.79,202.22125,249.49625,184.47,106.335,181.2108333,,,
24010750,5.925833333,-73.60916667,34.31538462,57.26410256,122.7769231,234.9910256,242.7038462,163.3576923,141.0782051,156.1705128,193.8076923,263.7846154,137.0269231,62.6974359,150.8311966,,,
24010810,5.750805556,-73.54891667,52.12121212,88.11818182,123.1651515,200.3818182,166.3530303,79.35454545,67.55757576,77.26818182,100.5181818,187.5227273,154.7878788,91.61212121,115.7300505,,,
24010830,5.64,-73.45044444,25.6609375,43.4421875,83.9375,119.8578125,101.190625,44.928125,45.9265625,36.4875,57.3375,123.440625,92.9,57.3609375,69.37252604,,,
24010840,5.634381111,-73.38647056,18.60294118,34.98970588,56.76764706,103.7544118,91.61911765,54.35882353,50.76764706,52.75588235,50.59558824,102.4705882,93.26176471,31.77941176,61.81029412,,,
24010870,5.899527778,-73.19619444,82.5255814,96.02674419,157.8953488,188.427907,148.3104651,78.01744186,49.48604651,61.30232558,94.96744186,195.1883721,173.5918605,110.9372093,119.723062,,,
24011060,5.462444444,-73.80155556,34.33793103,49.2362069,107.1310345,143.4913793,98.93448276,42.26034483,36.45862069,41.39827586,69.9137931,133.4172414,107.5431034,65.59137931,77.47614943,,,
24015110,5.303805556,-73.85175,31.55166667,45.72166667,70.87,95.91833333,83.22,38.00166667,32.62,30.425,47.83833333,107.1183333,92.17333333,40.83833333,59.69138889,,,
24015120,5.467277778,-73.73480556,50.04318182,58.17954545,121.9590909,160.2125,111.3409091,45,41.20795455,43.31022727,78.18068182,153.2420455,140.4818182,90.5625,91.14337121,,,
24015220,5.509388889,-73.49577778,27.92444444,45.76333333,73.19444444,90.30777778,68.27888889,34.38333333,34.42666667,28.72,42.79,97.31777778,94.43333333,42.23,56.6475,,,
24015300,5.655833333,-73.54394444,49.36428571,66.35714286,111.3185714,120.0457143,96.02,39.58142857,33.83,36.34428571,64.35428571,147.1342857,113.7428571,81.34428571,79.95309524,,,
24025030,5.966388889,-73.16389139,105.3055556,127.9933333,219.4088889,259.6177778,207.65,83.44777778,66.62111111,90.79555556,134.8033333,256.4377778,227.2066667,139.6,159.9073148,,,
24030120,5.523033056,-73.07684778,7.981111111,20.50777778,44.21555556,79.83333333,90.96888889,62.23666667,59.27888889,54.77888889,58.79555556,86.01333333,70.4,20.46444444,54.62287037,,,
24030140,5.506096389,-73.25105306,10.36477273,20.24090909,49.61363636,89.14204545,103.075,67.73636364,59.35909091,48.35795455,50.85909091,93.87840909,83.06477273,25.88863636,58.46505682,,,
24030160,5.860357222,-72.78479139,20.80222222,39.91222222,72.15777778,116.4711111,83.84555556,44.17444444,36.29111111,38.57555556,54.21333333,86.73333333,85.27,31.15222222,59.13324074,,,
24030190,5.724555556,-72.84786111,15.64222222,32.80666667,65.56888889,116.3522222,94.24222222,54.90555556,64.53333333,53.31333333,55.61444444,93.49333333,85.21666667,31.21777778,63.57555556,,,
24030230,5.6155,-72.97627778,9.15,19.71976744,51.84844961,92.0755814,86.59767442,45.72674419,37.99651163,39.48604651,48.46511628,83.20930233,75.74418605,20.48255814,50.8751615,,,
24030260,6.408222222,-72.44544444,16.75909091,38.09090909,63.19886364,111.2454545,116.6011364,75.70454545,62.02045455,62.51818182,79.86363636,116.7340909,92.15454545,42.45227273,73.11193182,,,
24030310,5.628916667,-73.324,24.54883721,31.26046512,73.90465116,123.644186,105.5662791,73.89534884,55.9627907,51.8755814,62.6244186,127.9825581,92.80465116,41.23953488,72.10910853,,,
24030350,5.830083333,-73.04461111,20.86704545,43.63295455,76.78295455,121.6068182,119.4318182,64.5125,49.83977273,54.88636364,75.93636364,129.0693182,90.82386364,43.42386364,74.2344697,,,
24030380,5.749661111,-73.23492306,31.50222222,55.95888889,89.68777778,140.4433333,140.1355556,94.69333333,70.41333333,77.49444444,86.08555556,149.8,121.6566667,60.98888889,93.23833333,,,
24030400,5.868722222,-72.98577778,24.15888889,40.66666667,78.08888889,138.1988889,123.6555556,59.94222222,48.44666667,49.85666667,73.54555556,141.4266667,98.8,43.62555556,76.70101852,,,
24030510,5.699305556,-73.07175,21.13488372,38.96395349,89.25116279,128.2930233,118.8767442,63.62325581,56.89534884,52.73023256,73.24186047,123.9895349,113.8093023,55.72325581,78.04437984,,,
24030530,5.698722222,-73.23422222,25.4872093,43.01860465,66.99883721,121.4232558,109.1697674,58.06162791,51.27674419,48.46860465,71.98488372,114.344186,89.16744186,42.65348837,70.17122093,,,
24030540,5.664527778,-72.97827778,13.6797619,22.96428571,56.64642857,106.5642857,85.6952381,48.66309524,42.24880952,40.18928571,48.77738095,97.1297619,77.32261905,31.76428571,55.97043651,,,
24030560,5.758388889,-72.7945,17.10714286,24.025,60.25833333,103.3190476,95.14761905,84.83809524,111,102.3190476,75.90714286,91.26309524,72.03452381,27.93690476,72.09632937,,,
24030570,6.062083333,-72.63533333,22.48928571,34.49285714,56.26428571,106.997619,91.50714286,36.09880952,28.98928571,33.66904762,51.49880952,110.0119048,104.7452381,36.7202381,59.45704365,,,
24030580,6.141472222,-72.59333333,16.21190476,39.80714286,60.20952381,132.1452381,107.9583333,55.06071429,51.50595238,51.08571429,79.86071429,128.1928571,107.8404762,39.70714286,72.46547619,,,
24030590,5.96225,-72.9385,27.98783784,48.48378378,95.1472973,140.0054054,120.3810811,68.45,51.81891892,53.37972973,78.48918919,139.2702703,106.2986486,45.20405405,81.24301802,,,
24030610,5.85,-73.05,17.7362069,35.17241379,65.58448276,106.8206897,99.93965517,65.30689655,46.52758621,51.91034483,76.13448276,121.5,78.96724138,36.22241379,66.81853448,,,
24030640,5.782361111,-72.76980556,17.3575,31.7175,66.01,107.48875,131.17,149.2425,184.58625,155.48375,97.94,106.955,81.35,34.975,97.02302083,,,
24030660,6.375111111,-72.419,23.215,38.4975,67.155,127.92375,136.59,92.9775,69.4525,85.035,91.9875,127.305,108.55625,55.8175,85.37604167,,,
24030670,6.139638889,-72.771,31.18205128,51.65641026,78.67820513,147.6307692,115.1474359,61.2025641,55.67564103,59.62564103,94.92307692,143.35,119.4858974,41.74487179,83.35854701,,,
24030690,5.988583333,-72.64405556,26.18375,37.71,67.8925,134.10125,98.78375,64.3225,70.76125,72.33375,75.21125,127.855,99.13,41.9025,76.34895833,,,
24030700,6.51475,-72.73294444,18.6974359,42.68333333,84.9474359,157.6923077,181.3358974,101.4717949,74.58461538,108.6410256,150.1448718,195.6038462,111.9615385,40.70769231,105.7059829,,,
24030760,5.633333333,-72.91666667,9.7296875,28.446875,56.6046875,93.7234375,89.86875,66.440625,83.065625,67.8296875,67.9109375,83.4609375,81.75625,30.059375,63.24140625,,,
24030770,5.623472222,-73.12630556,16.26410256,24.48461538,57.41153846,93.03076923,78.12692308,42.27564103,39.46410256,35.70769231,43.6525641,88.22307692,75.20897436,39.09230769,52.74519231,,,
24030790,5.773416667,-72.94025,20.66590909,40.225,79.55,114.5340909,100.6488636,51.34431818,47.7,48.10227273,61.90909091,116.0431818,95.93977273,40.92727273,68.13248106,,,
24030800,5.533805556,-73.1635,13.5025,28.49125,51.81375,98.1475,91.445,74.50375,66.7775,50.10125,54.965,95.845,85.76625,37.21125,62.38083333,,,
24030820,5.663722222,-73.21011111,17.91486486,33.83783784,65.76756757,108.1972973,92.61621622,60.70675676,49.44459459,44.77972973,58.8972973,101.5364865,98.03648649,43.4,64.59459459,,,
24030840,5.891638889,-73.08238889,54.21969697,75.97272727,115.9560606,160.6030303,134.6454545,66.35,75.05757576,70.61363636,82.0530303,165.2484848,136.9651515,83.83636364,101.7934343,,,
24030860,6.100722222,-72.86666667,34.29848485,50.66212121,97.03636364,146.3363636,120.519697,47.95606061,45,59.16060606,91.52121212,134.1984848,89.11818182,50.38939394,80.51641414,,,
24030940,5.756055556,-72.90788889,21.76470588,29.19852941,59.26470588,111.2279412,91.78088235,43.67647059,40,38.56029412,52.44264706,78.54705882,72.44705882,32.96470588,55.98958333,,,
24035010,6.248111111,-72.54888889,26.13709677,52.73548387,84.85645161,148.9048387,108.4193548,54.04354839,52.25483871,48.54516129,70.02741935,120.4612903,115.166129,56.20806452,78.14663978,,,
24035120,5.802444444,-73.07447222,18.81111111,39.99666667,75.16333333,124.9688889,112.9377778,63.78222222,46.44111111,51.08222222,77.38555556,114.9955556,88.69555556,36.79444444,70.9212037,,,
24035130,5.5430775,-73.36081306,13.02777778,22.03888889,49.06444444,81.05777778,79.29666667,52.62888889,46.7,39.21888889,46.97777778,83.88888889,68.29444444,28.86888889,50.92194444,,,
24035140,5.683333333,-72.96666667,16.07241379,22.77241379,54.2362069,96.70517241,93.23275862,51.79482759,45.62931034,44.84827586,64.91034483,88.20172414,71.58793103,29.98103448,56.66436782,,,
24035150,5.781583333,-72.89430556,28.31931818,36.14545455,70.33409091,108.7840909,97.41931818,52.60909091,47.82386364,43.28522727,60.13863636,101.7863636,90.95340909,39.64090909,64.76998106,,,
24035170,5.745916667,-73.11636111,24.23636364,39.24659091,81.74886364,131.3477273,117.9488636,70.00909091,52.84431818,57.62272727,73.275,134.8590909,99.66477273,44.34204545,77.26212121,,,
24035180,5.783333333,-72.98333333,15.059375,37.3421875,72.4171875,108.0890625,101.5546875,54.434375,45.8125,46.453125,71.8140625,105.628125,90.8234375,36.1703125,65.46653646,,,
24035240,6.410083333,-72.37519444,17.15375,34.095,56.0975,111.66375,126.47875,98.1825,77.355,81.67,92.55875,129.38125,98.03,53.2525,81.3265625,,,
24035250,6.188333333,-72.46633333,12.06190476,25.75119048,47.89285714,109.0464286,107.872619,112.8988095,153.0404762,114.3107143,89.36428571,110.6380952,97.68214286,28.9797619,84.12827381,,,
24035300,5.596916667,-73.18772222,14.09761905,32.5547619,59.1,92.00714286,81.91309524,51.42261905,43.29047619,37.42619048,47.65238095,87.62619048,73.7952381,37.10595238,54.83263889,,,
24035310,6.549527778,-72.50472222,30.66923077,49.41538462,84.72948718,156.4089744,166.5923077,103.8064103,86.82307692,98.06025641,124.224359,179.6666667,129.4230769,55.46282051,105.4401709,,,
24035320,6.116861111,-72.70483333,32.97875,48.77875,90.2025,157.78875,116.28375,44.94625,41.085,50.54875,70.22375,151.19125,146.925,54.49875,83.78760417,,,
24035330,6.328972222,-72.58227778,38.51142857,63.31714286,98.23,192.5857143,158.3142857,78.01857143,52.84428571,71.26285714,97.48428571,158.3114286,130.5842857,62.32,100.1486905,,,
24035340,5.676944444,-72.96791667,17.13181818,28.1469697,63.76060606,107.9681818,89.15151515,52.73939394,46.77424242,39.2969697,55.52575758,98.52121212,82.90151515,23.78787879,58.80883838,,,
35020010,4.254444444,-73.82333333,31.04375,56.8375,112.9225,220.8525,310.575,355.6575,377.6,308.7025,227.725,170.0675,116.93,70.215,196.5940625,,,
35020280,4.522916667,-73.92658333,14.578125,29.0234375,50.8015625,98.9859375,122.3671875,113.5875,110.4125,96.0875,71.140625,81.7328125,77.19375,31.0703125,74.7484375,,,
35020290,4.486527778,-73.89041667,19.57272727,40.37121212,63.90909091,131.9484848,149.2984848,141.8848485,147.8272727,119.5666667,80.95454545,101.2606061,82.57272727,41.48787879,93.38787879,,,
35020300,4.253916667,-74.00269444,28.705,62.515,94.97,146.6266667,205.8533333,216.2633333,214.6616667,170.7333333,110.5816667,127.3766667,109.08,63.28666667,129.2211111,,,
35050010,4.506555556,-73.34708333,42.575,83.98863636,182.1954545,432.4681818,550.0431818,524.6340909,441.175,366.3931818,329.2613636,353.0227273,306.9181818,103.0136364,309.6407197,,,
35050020,4.423222222,-73.39597222,36.99767442,91.77674419,200.8651163,456.8523256,552.6744186,507.9069767,451.5767442,391.255814,353.3488372,360.844186,322.3488372,123.6395349,320.8406008,,,
35055010,4.376972222,-73.30130556,33.43555556,75.4,164.8844444,423.3844444,520.8733333,473.5011111,438.9677778,352.4244444,329.5877778,384.7911111,286.3744444,114.3622222,299.8322222,,,
35060020,4.81,-73.70716667,20.20833333,40.21309524,75.35595238,141.7428571,163.2988095,155.5595238,164.9666667,133.9857143,96.92142857,109.7809524,86.55714286,31.19761905,101.6490079,,,
35060050,4.792222222,-73.66872222,26.17727273,47.35227273,85.93409091,144.6329545,180.4795455,180.7772727,181.8863636,132.8727273,103.7477273,105.2284091,81.26931818,38.525,109.0735795,,,
35060090,4.690527778,-73.52291667,37.83636364,75.77613636,143.5204545,224.6568182,283.9897727,306.0670455,276.6681818,242.6238636,190.5988636,154.2818182,108.4284091,53.98068182,174.8690341,,,
35060100,4.712694444,-73.52069444,32.82804878,75.92804878,139.702439,229.9621951,285.2719512,283.9487805,275.3853659,216.8756098,177.302439,152.8060976,108.904878,50.99268293,169.1590447,,,
35060120,4.723305556,-73.47055556,50.52738095,105.6214286,190.1892857,285.6071429,396.4809524,405.4392857,406.4333333,315.1904762,241.7166667,208.1714286,166.5416667,85.28928571,238.1006944,,,
35060130,4.675166667,-73.48213889,62.17948718,107.0935897,227.2948718,345.2384615,402.0487179,441.1576923,437.8461538,367.374359,284.9935897,243.4115385,179.2589744,97.10641026,266.2503205,,,
35060140,4.704916667,-73.44488889,67.75952381,149.4047619,266.9333333,410.0785714,540.4214286,551.7369048,539.5797619,439.1833333,356.2333333,297.1452381,205.0821429,112.8559524,328.0345238,,,
35060150,4.704861111,-73.66527778,66.1597561,110.5743902,212.2085366,326.4012195,382.5621951,431.5939024,398.2402439,313.2109756,206.902439,281.6987805,222.35,104.2719512,254.6811992,,,
35060160,4.828805556,-73.76927778,39.93780488,72.97560976,109.104878,170.9402439,226.1841463,230.4890244,238.2926829,176.4414634,124.4036585,137.8146341,107.154878,66.52804878,141.6889228,,,
35060170,4.885694444,-73.60036111,41.15853659,73.18780488,137.5658537,196.9060976,254.2609756,227.5219512,223.3292683,168.304878,129.1390244,188.9634146,178.8317073,80.57317073,158.3118902,,,
35060180,4.752388889,-73.52858333,40.23953488,72.15930233,121.6627907,215.894186,283.0197674,287.9825581,279.5686047,219.6418605,150.3953488,147.7639535,113.922093,61.36976744,166.1349806,,,
35060200,4.857972222,-73.74538889,37.14634146,63.51463415,109.6926829,172.1060976,232.0170732,244.6682927,247.4426829,176.8170732,123.8231707,144.9280488,115.2329268,64.57195122,144.3300813,,,
35060210,4.65025,-73.64144444,35.3974359,72.52179487,131.7038462,216.3179487,267.9564103,278.6615385,259.2461538,199.3564103,152.7051282,159.0333333,114.2487179,59.3025641,162.2042735,,,
35060230,4.781416667,-73.48905556,31.10131579,85.05789474,136.3118421,214.2223684,302.0210526,323.0736842,326.5460526,245.8210526,195.7105263,166.7802632,124.7368421,60.56842105,184.3292763,,,
35060240,4.764277778,-73.60991667,22.25487805,40.28414634,72.26829268,115.902439,142.8902439,172.9865854,151.8597561,135.7914634,88.55853659,93.33536585,70.57195122,27.38536585,94.5074187,,,
35060250,4.796777778,-73.40719444,53.61707317,100.0487805,186.9817073,368.004878,464.2304878,519.1987805,516.3597561,413.1402439,336.6780488,294.1487805,210.8146341,118.6256098,298.4873984,,,
35060300,4.852527778,-73.39194444,47.3921875,83.828125,174.6671875,302.15625,430.5828125,462.73125,467.91875,356.959375,263.64375,221.15,172.4859375,85.9078125,255.7852865,,,
35065010,4.830388889,-73.64647222,23.60875,41.8925,73.9025,131.7175,155.56375,154.35875,152.0825,114.5775,93.9875,117.21375,94.12375,42.93125,99.66333333,,,
35070010,5.399527778,-73.33297222,14.68636364,29.32840909,57.93181818,103.3045455,146.1272727,135.5352273,133.4636364,115.2147727,88.63068182,112.9136364,95.29318182,37.04204545,89.12263258,,,
35070020,5.383055556,-73.60288889,17.22301587,33.58095238,63.3547619,108.081746,112.202381,120.8103175,122.6865079,110.1825397,81.83968254,104.8952381,84.41428571,39.44285714,83.22619048,,,
35070030,5.31775,-73.49636111,12.38636364,23.68181818,49.36363636,83.20795455,94.49431818,98.11363636,102.3443182,92.03636364,63.77386364,89.51477273,63.96477273,25.82727273,66.55909091,,,
35070050,5.219111111,-73.44455556,11.31190476,24.71547619,58.04285714,109.3785714,130.9678571,131.8047619,140.5297619,126.1297619,94.02142857,95.79047619,72.35357143,27.78690476,85.23611111,,,
35070060,5.219555556,-73.34791667,18.8755814,39.64069767,72.95116279,159.6290698,225.5906977,258.9186047,270.0872093,206.5255814,159.7325581,177.3127907,133.5848837,52.81162791,147.9717054,,,
35070070,5.164861111,-73.36425,17.20909091,36.99204545,69.74204545,127.0215909,187.2045455,206.4170455,219.1375,190.7920455,137.6659091,134.6863636,115.9386364,43.54772727,123.8628788,,,
35070080,5.078861111,-73.36852778,13.2452381,29.55,60.89404762,123.4666667,184.077381,187.8642857,200.4178571,176.6107143,125.2535714,104.4738095,96.7797619,38.41190476,111.7537698,,,
35070090,5.016666667,-73.38333333,13.91818182,30.07121212,57.54393939,127.1984848,198.1363636,216.3939394,252.4151515,201.2909091,139.0545455,106.9,53.51515152,27.41969697,118.654798,,,
35070100,4.983472222,-73.43305556,12.73604651,27.55116279,59.64651163,121.7372093,172.5418605,175.6511628,188.8418605,147.2034884,105.4209302,86.63953488,63.58139535,22.2,98.64593023,,,
35070110,4.976083333,-73.49930556,14.30444444,29.11111111,54.42444444,120.0944444,164.6711111,169.6544444,170.1233333,140.9688889,102.0622222,93.26888889,67.94,23.22222222,95.82046296,,,
35070120,4.966666667,-73.31666667,26.15454545,52.81515152,98.38333333,188.4818182,327.1666667,360.8545455,401.6484848,322.8378788,204.4439394,158.2848485,93.31212121,48.59393939,190.2481061,,,
35070130,4.95025,-73.30797222,25.82840909,53.45454545,110.4420455,221.8397727,356.7977273,390.9863636,395.2272727,310.6556818,220.1534091,178.0204545,103.7045455,54.32159091,201.7859848,,,
35070170,4.733333333,-73.2,30.91904762,44.18333333,116.5785714,319.7595238,508.027381,543.9428571,541.1261905,487.3702381,352.2357143,333.0595238,280.6285714,149.0333333,308.9053571,,,
35070180,4.860777778,-73.25675,52.94186047,85.70348837,204.5081395,442.5,650.0883721,681.4313953,631.3988372,522.7430233,432.3348837,429.4662791,321.4360465,179.3534884,386.1588178,,,
35070190,4.886361111,-73.36673611,37.85697674,68.19186047,142.7255814,248.7034884,377.1662791,395.2511628,403.8918605,346.0883721,238.1906977,201.8488372,133.2546512,71.47209302,222.0534884,,,
35070210,5.13925,-73.39563889,16.04736842,31.39736842,75.62763158,136.5263158,173.7184211,178.8736842,182.3973684,160.3355263,111.2052632,122.2460526,89.54736842,36.08421053,109.5005482,,,
35070230,5.075111111,-73.57941667,20.52121212,32.96666667,57.71515152,111.9212121,140.3318182,141.9242424,160.1954545,116.4651515,81.88030303,111.1242424,88.76363636,32.65606061,91.37209596,,,
35070260,4.970833333,-73.37986111,13.71744186,33.7755814,72.23488372,135.0813953,204.8906977,227.9976744,234.2848837,195.5976744,128.9046512,99.6127907,66.08604651,29.32674419,120.1258721,,,
35070470,4.950416667,-73.41016667,19.04032258,51.55322581,106.6225806,157.4258065,246.1806452,274.0983871,299.1032258,260.4725806,168.0758065,129.7887097,93.21774194,42.37419355,153.9961022,,,
35070480,5.004333333,-73.20072222,13.52096774,31.90322581,61.00322581,99.18225806,151.0951613,145.1096774,153.5596774,119.4435484,88.91774194,97.5016129,79.02741935,32.41612903,89.39005376,,,
35070490,4.959388889,-73.58436111,29.52741935,62.83870968,106.1645161,201.7870968,271.9,290.0435484,290.8612903,228.2274194,185.3193548,162.7387097,147.7693548,55.75,169.4106183,,,
35070500,4.995777778,-73.38152778,13.315,27.61,60.50166667,108.4,194.04,200.23,195.9733333,177.6,124.1233333,95.69,68.77833333,25.92,107.6818056,,,
35070520,4.931416667,-73.35036111,30.59655172,52.20689655,120.8896552,202.4189655,358.8017241,363.8724138,372.0155172,305.3362069,216.6189655,176.8672414,118.8603448,53.15172414,197.6363506,,,
35070550,5.056611111,-73.42691667,14.41166667,25.05,58.65333333,102.18,179.7866667,179.2416667,190.8633333,155.68,103.8966667,94.945,76.06166667,24.575,100.4454167,,,
35075010,5.352694444,-73.45377778,13.92666667,27.90222222,49.45888889,85.58333333,99.33666667,111.58,120.4833333,106.2422222,76.54111111,93.03444444,66.20666667,28.20777778,73.20861111,,,
35075020,5.022277778,-73.44916667,13.59880952,26.75714286,50.6547619,110.7964286,163.9,170.222619,166.5988095,145.1464286,105.797619,96.73214286,64.45833333,23.88690476,94.87916667,,,
35075030,5.422222222,-73.34941667,15.615625,30.2265625,54.2859375,90.7984375,129.765625,101.0734375,109.5203125,97.4015625,75.55,115.05,83.83125,38.58125,78.475,,,
35075040,4.974361111,-73.31675,20.12903226,55.86935484,96.75645161,198.9645161,313.8451613,354.8064516,350.4354839,302.2467742,207.6483871,158.9435484,104.9564516,45.30806452,184.1591398,,,
35080010,5.282972222,-73.16927778,25.39444444,33.42333333,67.70333333,144.2066667,224.2444444,275.3177778,277.1044444,230.7811111,136.6766667,155.2022222,140.8711111,71.80555556,148.5609259,,,
35080030,5.183722222,-73.08672222,21.73,34.55222222,80.49,160.0666667,250.8544444,279.2711111,273.17,245.3911111,187.7522222,171.5711111,123.2722222,59.27333333,157.2828704,,,
35080050,5.096361111,-73.05322222,35.23461538,65.0474359,117.1910256,297.0692308,422.5025641,482.7858974,482.8935897,376.4371795,316.1269231,293.7076923,230.3538462,107.7525641,268.9252137,,,
35080060,5.013611111,-73.20344444,31.36216216,74.43918919,129.3608108,295.4513514,404.3594595,448.3756757,444.5081081,403.7081081,289.5972973,245.1216216,177.1405405,66.59594595,250.8350225,,,
35080070,4.819777778,-73.16986111,23.4025641,65.68717949,137.55,381.9576923,565.2397436,530.8717949,540.4897436,436.6910256,367.9564103,330.5807692,229.2525641,89.94487179,308.3020299,,,
35080080,4.860388889,-73.23408333,54.89777778,82.69111111,184.04,440.8522222,609.3111111,609.0644444,579.3688889,475.3255556,416.4555556,401.2722222,304.5988889,161.19,359.9223148,,,
35080100,5.101388889,-73.25141667,21.90666667,49.25166667,107.0916667,192.69,292.5033333,338.5966667,359.7083333,289.1666667,186.1,172.2283333,130.35,46.685,182.1898611,,,
35080110,5.005138889,-73.25861111,31.30172414,66.32068966,120.2034483,250.1448276,377.2862069,418.7068966,420.1827586,363.9362069,251.9965517,200.8293103,139.6741379,73.51206897,226.174569,,,
35085020,5.358416667,-73.20361111,31.2974359,58.66282051,101.8576923,199.0435897,248.1320513,258.8333333,259.6935897,211.4346154,153.6910256,190.2884615,173.0910256,76.59230769,163.5514957,,,
35085040,5.192555556,-73.14477778,15.7862069,31.2137931,73.08275862,138.7448276,215.8655172,235.7017241,243.5,216.6965517,153.8206897,139.2103448,103.587931,51.34137931,134.8793103,,,
35090010,5.477583333,-72.94861111,9.664772727,21.63636364,43.99090909,93.81931818,102.3943182,91.19659091,100.9363636,85.63636364,81.27159091,80.275,56.23068182,19.625,65.55643939,,,
35090050,5.0035,-73.04972222,30.425,60.42,129.565,314.5066667,470.205,519.4383333,527.3383333,468.8,348.0366667,307.6933333,207.1666667,86.33166667,289.1605556,,,
35090060,5.283333333,-72.98333333,36.33166667,63.73333333,121.4716667,222.9733333,325.3,336.88,371.1633333,319.7483333,230.3183333,241.525,157.1016667,87.53,209.5063889,,,
35095030,5.574913889,-72.94769444,14.11,25.785,56.6325,95.385,87.17,67.59875,70.8075,58.18875,57.28,87.0175,74.04375,24.4375,59.87135417,,,
35190010,5.614138889,-72.86766667,18.28571429,33.16785714,62.84761905,112.1654762,124.297619,135.6357143,170.3809524,139.1142857,96.24761905,106.297619,91.03333333,34.2797619,93.64613095,,,
35190020,5.523611111,-72.79097222,10.08214286,21.65595238,53.08690476,96.5452381,153.4607143,180.3869048,182.7678571,158.4357143,127.1452381,107.1940476,74.91904762,19.5702381,98.77083333,,,
35195050,5.407277778,-72.71722222,43.67166667,59.06666667,129.9433333,260.3133333,371.0433333,386.6566667,372.95,371.2466667,339.5933333,335.6183333,244.9016667,65.98333333,248.4156944,,,
35235010,6.011666667,-72.52927778,27.245,52.99125,91.985,211.43875,301.745,382.41625,433.45875,366.8675,247.69625,202.485,121.1675,59.245,208.2284375,,,
